{"stats":{"minecraft:killed":{"minecraft:horse":2,"minecraft:villager":2},"minecraft:mined":{"minecraft:grass":1,"minecraft:grass_block":8,"minecraft:oak_log":4},"minecraft:used":{"minecraft:sand":1,"minecraft:diamond_sword":6,"minecraft:mossy_cobblestone":3,"minecraft:dirt":5,"minecraft:wooden_sword":10,"minecraft:crafting_table":1,"minecraft:granite":9},"minecraft:picked_up":{"minecraft:arrow":64,"minecraft:granite":1,"minecraft:oak_log":4,"minecraft:dirt":5},"minecraft:dropped":{"minecraft:sand":1,"minecraft:arrow":128,"minecraft:granite":2,"minecraft:mossy_cobblestone":3,"minecraft:hay_block":2,"minecraft:diamond_sword":1},"minecraft:crafted":{"minecraft:wooden_sword":1,"minecraft:oak_planks":16,"minecraft:crafting_table":1,"minecraft:stick":4,"minecraft:wooden_pickaxe":1},"minecraft:custom":{"minecraft:time_since_rest":5265,"minecraft:play_time":5265,"minecraft:crouch_one_cm":980,"minecraft:sprint_one_cm":5307,"minecraft:walk_one_cm":7347,"minecraft:sneak_time":401,"minecraft:walk_under_water_one_cm":95,"minecraft:mob_kills":4,"minecraft:drop":86,"minecraft:jump":58,"minecraft:damage_dealt":910,"minecraft:leave_game":1,"minecraft:walk_on_water_one_cm":330,"minecraft:time_since_death":5265,"minecraft:total_world_time":5265,"minecraft:swim_one_cm":1631,"minecraft:interact_with_crafting_table":1,"minecraft:fall_one_cm":1672,"minecraft:fly_one_cm":112516}},"DataVersion":3120}